{"cameraMode":{"drawMode":0,"name":"Shaded","section":"Shading Mode"},"sceneLighting":true,"audioPlay":false,"sceneViewState":{"m_AlwaysRefresh":false,"showFog":true,"showSkybox":true,"showFlares":true,"showImageEffects":true,"showParticleSystems":true,"showVisualEffectGraphs":true,"m_FxEnabled":true},"in2DMode":false,"pivot":{"x":11.400205612182618,"y":-18.233623504638673,"z":21.885208129882814},"rotation":{"x":-0.26750117540359499,"y":-0.03680033981800079,"z":0.01023036241531372,"w":-0.9628074169158936},"size":20.168813705444337,"orthographic":false}