{"cameraMode":{"drawMode":0,"name":"Shaded","section":"Shading Mode"},"sceneLighting":true,"audioPlay":false,"sceneViewState":{"m_AlwaysRefresh":false,"showFog":true,"showSkybox":true,"showFlares":true,"showImageEffects":true,"showParticleSystems":true,"showVisualEffectGraphs":true,"m_FxEnabled":true},"in2DMode":false,"pivot":{"x":-12.890458106994629,"y":-0.3894779682159424,"z":-3.8574845790863039},"rotation":{"x":0.2506674528121948,"y":-0.6718159317970276,"z":0.26187649369239809,"w":0.6461609601974487},"size":2.3020753860473635,"orthographic":false}