{"cameraMode":{"drawMode":0,"name":"Shaded","section":"Shading Mode"},"sceneLighting":true,"audioPlay":false,"sceneViewState":{"m_AlwaysRefresh":false,"showFog":true,"showSkybox":true,"showFlares":true,"showImageEffects":true,"showParticleSystems":true,"showVisualEffectGraphs":true,"m_FxEnabled":true},"in2DMode":false,"pivot":{"x":-10.160771369934082,"y":1.2160613536834717,"z":0.9459044337272644},"rotation":{"x":0.04272175580263138,"y":-0.8706868290901184,"z":0.07680826634168625,"w":0.48404988646507265},"size":0.6155728697776794,"orthographic":false}