{"cameraMode":{"drawMode":0,"name":"Shaded","section":"Shading Mode"},"sceneLighting":true,"audioPlay":false,"sceneViewState":{"m_AlwaysRefresh":false,"showFog":true,"showSkybox":true,"showFlares":true,"showImageEffects":true,"showParticleSystems":true,"showVisualEffectGraphs":true,"m_FxEnabled":true},"in2DMode":false,"pivot":{"x":10.796935081481934,"y":2.541393756866455,"z":-7.221368789672852},"rotation":{"x":0.3798329830169678,"y":0.09915295243263245,"z":-0.040993914008140567,"w":0.9188172221183777},"size":1.8016817569732667,"orthographic":false}